fine_kc_id,fine_kc_label,fine_reporting_group,ap_skill_refs,intro_class,modeling_kc_id,modeling_kc_label,modeling_unit,merge_rationale,fine_num_items,fine_num_primary_items,fine_num_student_records
KC.U1.01.statistical_context,Statistical context and investigative question,Unit 1: Data foundations,1.A;2.A,1,MKC.U1.01.data_context_variables,Data context and variable classification,Unit 1,Merged because these KCs support identifying what the data represent before selecting displays or summaries.,1,0,25
KC.U1.02.observational_unit_variable,Observational unit and variable,Unit 1: Data foundations,2.A,1,MKC.U1.01.data_context_variables,Data context and variable classification,Unit 1,Merged because these KCs support identifying what the data represent before selecting displays or summaries.,2,2,50
KC.U1.03.variable_type_cat_quant,Categorical vs quantitative variable,Unit 1: Data foundations,2.A,1,MKC.U1.01.data_context_variables,Data context and variable classification,Unit 1,Merged because these KCs support identifying what the data represent before selecting displays or summaries.,8,3,199
KC.U1.04.variable_type_discrete_continuous,Discrete vs continuous quantitative variable,Unit 1: Data foundations,2.A,1,MKC.U1.01.data_context_variables,Data context and variable classification,Unit 1,Merged because these KCs support identifying what the data represent before selecting displays or summaries.,5,4,124
KC.U1.05.categorical_freq_relative,Frequency and relative-frequency tables,Unit 1: Categorical data,3.A;4.A,1,MKC.U1.02.categorical_tables_displays,"Categorical tables, displays, and association",Unit 1,Merged because these tasks all involve categorical-variable representation and interpretation.,14,7,348
KC.U1.06.categorical_bar_pie_segmented,"Bar, pie, and segmented-bar displays",Unit 1: Categorical data,3.A;4.A,1,MKC.U1.02.categorical_tables_displays,"Categorical tables, displays, and association",Unit 1,Merged because these tasks all involve categorical-variable representation and interpretation.,9,7,224
KC.U1.07.two_way_table_association,Two-way categorical association,Unit 1: Categorical data,4.A;4.C,1,MKC.U1.02.categorical_tables_displays,"Categorical tables, displays, and association",Unit 1,Merged because these tasks all involve categorical-variable representation and interpretation.,7,3,175
KC.U1.08.graph_choice_categorical,Choose categorical display,Unit 1: Categorical data,2.B;3.A,1,MKC.U1.02.categorical_tables_displays,"Categorical tables, displays, and association",Unit 1,Merged because these tasks all involve categorical-variable representation and interpretation.,2,2,50
KC.U1.09.quantitative_display_reading,Read quantitative displays,Unit 1: Quantitative displays,3.A;4.A,2,MKC.U1.03.quantitative_displays_description,Quantitative displays and distribution description,Unit 1,"Merged because display reading, graph construction, and SOCS-style description are usually assessed together.",7,2,173
KC.U1.10.histogram_shape_features,"Shape, clusters, gaps, and outliers",Unit 1: Quantitative displays,4.A;4.C,2,MKC.U1.03.quantitative_displays_description,Quantitative displays and distribution description,Unit 1,"Merged because display reading, graph construction, and SOCS-style description are usually assessed together.",15,7,372
KC.U1.11.describe_distribution_socs,Describe a quantitative distribution,Unit 1: Quantitative displays,4.A;4.D,2,MKC.U1.03.quantitative_displays_description,Quantitative displays and distribution description,Unit 1,"Merged because display reading, graph construction, and SOCS-style description are usually assessed together.",7,3,172
KC.U1.12.center_mean_median_mode,Measures of center,Unit 1: Summary statistics,3.B;4.D,2,MKC.U1.04.summary_statistics_outliers,"Summary statistics, percentiles, and outliers",Unit 1,Merged because these KCs all describe numerical summaries and the influence of skewness/outliers.,10,3,245
KC.U1.13.spread_iqr_range_sd,Measures of spread,Unit 1: Summary statistics,3.B;4.D,2,MKC.U1.04.summary_statistics_outliers,"Summary statistics, percentiles, and outliers",Unit 1,Merged because these KCs all describe numerical summaries and the influence of skewness/outliers.,17,3,421
KC.U1.14.five_number_boxplot,Five-number summary and boxplots,Unit 1: Summary statistics,3.A;3.B;4.A,2,MKC.U1.04.summary_statistics_outliers,"Summary statistics, percentiles, and outliers",Unit 1,Merged because these KCs all describe numerical summaries and the influence of skewness/outliers.,6,4,148
KC.U1.15.outlier_rule,1.5 × IQR outlier rule,Unit 1: Summary statistics,3.B;4.B,2,MKC.U1.04.summary_statistics_outliers,"Summary statistics, percentiles, and outliers",Unit 1,Merged because these KCs all describe numerical summaries and the influence of skewness/outliers.,5,5,124
KC.U1.16.resistance_skew_mean_median,"Resistance, skewness, and mean vs median",Unit 1: Summary statistics,4.B;4.D,2,MKC.U1.04.summary_statistics_outliers,"Summary statistics, percentiles, and outliers",Unit 1,Merged because these KCs all describe numerical summaries and the influence of skewness/outliers.,11,7,270
KC.U1.17.compare_distributions,Compare distributions,Unit 1: Quantitative displays,4.A;4.C;4.D,2,MKC.U1.03.quantitative_displays_description,Quantitative displays and distribution description,Unit 1,"Merged because display reading, graph construction, and SOCS-style description are usually assessed together.",5,3,122
KC.U1.18.linear_transformations,Linear transformations of data,Unit 1: Transformations,3.B;4.D,2,MKC.U1.05.standardization_transformations,Standardization and linear transformations,Unit 1,Merged because both require tracking how position and scale change across distributions.,8,6,198
KC.U1.19.z_score_compute_interpret,Compute and interpret z-scores,Unit 1: Standardization,3.B;4.D,3,MKC.U1.05.standardization_transformations,Standardization and linear transformations,Unit 1,Merged because both require tracking how position and scale change across distributions.,25,5,621
KC.U1.20.normal_model_appropriateness,Normal-model appropriateness,Unit 1: Normal distributions,4.E;4.F,3,MKC.U1.06.normal_distribution_calculations,Normal distribution modeling and calculations,Unit 1,Merged because these KCs are all normal-model applications.,7,5,175
KC.U1.21.empirical_rule_sd,Empirical rule and standard deviation reasoning,Unit 1: Normal distributions,3.D;4.D,3,MKC.U1.06.normal_distribution_calculations,Normal distribution modeling and calculations,Unit 1,Merged because these KCs are all normal-model applications.,4,2,98
KC.U1.22.normal_tail_interval_probability,Normal tail and interval probabilities,Unit 1: Normal distributions,3.C;3.D;4.D,3,MKC.U1.06.normal_distribution_calculations,Normal distribution modeling and calculations,Unit 1,Merged because these KCs are all normal-model applications.,15,8,374
KC.U1.23.inverse_normal_percentile,Inverse normal and percentile equations,Unit 1: Normal distributions,3.C;3.D;4.D,3,MKC.U1.06.normal_distribution_calculations,Normal distribution modeling and calculations,Unit 1,Merged because these KCs are all normal-model applications.,8,6,198
KC.U1.24.compare_standardized_values,Compare standardized values,Unit 1: Standardization,4.C;4.D,3,MKC.U1.05.standardization_transformations,Standardization and linear transformations,Unit 1,Merged because both require tracking how position and scale change across distributions.,5,5,124
KC.U1.25.percentile_quartile_interpretation,Percentiles and quartile interpretation,Unit 1: Summary statistics,3.B;4.D,2,MKC.U1.04.summary_statistics_outliers,"Summary statistics, percentiles, and outliers",Unit 1,Merged because these KCs all describe numerical summaries and the influence of skewness/outliers.,7,2,173
KC.U1.26.graph_construction_axes,Construct graphs with correct axes and scale,Unit 1: Quantitative displays,3.A,2,MKC.U1.03.quantitative_displays_description,Quantitative displays and distribution description,Unit 1,"Merged because display reading, graph construction, and SOCS-style description are usually assessed together.",3,3,74
KC.U1.27.sample_population_scope,"Sample, population, and scope of generalization",Unit 1: Data foundations,1.A;2.A;4.E,1,MKC.U1.01.data_context_variables,Data context and variable classification,Unit 1,Merged because these KCs support identifying what the data represent before selecting displays or summaries.,3,2,72
KC.U2.01.two_way_table_structure,Two-way table structure and totals,Unit 2: Two-variable categorical data,2.A;3.A;4.A,4,MKC.U2.01.two_way_categorical_association,Two-way categorical association,Unit 2,Merged because these are closely connected categorical-association skills.,10,0,249
KC.U2.02.marginal_relative_frequency,Marginal relative frequency,Unit 2: Two-variable categorical data,3.C;4.A,4,MKC.U2.01.two_way_categorical_association,Two-way categorical association,Unit 2,Merged because these are closely connected categorical-association skills.,6,6,148
KC.U2.03.conditional_relative_frequency,Conditional relative frequency,Unit 2: Two-variable categorical data,3.C;4.A,4,MKC.U2.01.two_way_categorical_association,Two-way categorical association,Unit 2,Merged because these are closely connected categorical-association skills.,11,9,275
KC.U2.04.categorical_association_independence,Association and independence for categorical variables,Unit 2: Two-variable categorical data,4.C;4.B,4,MKC.U2.01.two_way_categorical_association,Two-way categorical association,Unit 2,Merged because these are closely connected categorical-association skills.,12,3,299
KC.U2.05.segmented_bar_comparison,Segmented bar chart comparison,Unit 2: Two-variable categorical data,3.A;4.A,4,MKC.U2.01.two_way_categorical_association,Two-way categorical association,Unit 2,Merged because these are closely connected categorical-association skills.,9,7,224
KC.U2.06.scatterplot_construction,Scatterplot construction,Unit 2: Two-variable quantitative data,3.A,4,MKC.U2.02.scatterplots_and_association,Scatterplots and association description,Unit 2,Merged because these KCs describe the visual and contextual foundation for bivariate quantitative analysis.,3,2,74
KC.U2.07.scatterplot_describe_association,Describe scatterplot association,Unit 2: Two-variable quantitative data,4.A;4.C,4,MKC.U2.02.scatterplots_and_association,Scatterplots and association description,Unit 2,Merged because these KCs describe the visual and contextual foundation for bivariate quantitative analysis.,10,4,250
KC.U2.08.explanatory_response_variables,Explanatory and response variables,Unit 2: Two-variable quantitative data,2.A,4,MKC.U2.02.scatterplots_and_association,Scatterplots and association description,Unit 2,Merged because these KCs describe the visual and contextual foundation for bivariate quantitative analysis.,1,1,25
KC.U2.09.correlation_properties,Correlation properties,Unit 2: Correlation and regression,3.B;4.C,4,MKC.U2.03.correlation_form_outliers_transform,"Correlation, form, outliers, and transformations",Unit 2,Merged because these skills all evaluate the form and strength of a quantitative relationship.,14,7,349
KC.U2.10.correlation_interpretation,Interpret correlation in context,Unit 2: Correlation and regression,4.D,4,MKC.U2.03.correlation_form_outliers_transform,"Correlation, form, outliers, and transformations",Unit 2,Merged because these skills all evaluate the form and strength of a quantitative relationship.,5,4,125
KC.U2.11.linear_vs_nonlinear_form,Linear versus nonlinear form,Unit 2: Correlation and regression,4.C;4.E,4,MKC.U2.03.correlation_form_outliers_transform,"Correlation, form, outliers, and transformations",Unit 2,Merged because these skills all evaluate the form and strength of a quantitative relationship.,7,0,174
KC.U2.12.outliers_leverage_influence,"Outliers, leverage, and influence",Unit 2: Correlation and regression,4.C;4.E,4,MKC.U2.03.correlation_form_outliers_transform,"Correlation, form, outliers, and transformations",Unit 2,Merged because these skills all evaluate the form and strength of a quantitative relationship.,8,6,197
KC.U2.13.least_squares_prediction,Least-squares prediction,Unit 2: Linear regression,3.B;4.D,4,MKC.U2.04.regression_prediction_interpretation,Regression prediction and coefficient interpretation,Unit 2,Merged because these KCs are about using and interpreting the fitted linear model.,11,1,271
KC.U2.14.slope_interpretation,Interpret regression slope,Unit 2: Linear regression,4.D,4,MKC.U2.04.regression_prediction_interpretation,Regression prediction and coefficient interpretation,Unit 2,Merged because these KCs are about using and interpreting the fitted linear model.,10,4,244
KC.U2.15.intercept_interpretation,Interpret regression intercept,Unit 2: Linear regression,4.D,4,MKC.U2.04.regression_prediction_interpretation,Regression prediction and coefficient interpretation,Unit 2,Merged because these KCs are about using and interpreting the fitted linear model.,3,2,73
KC.U2.16.residual_compute_interpret,Compute and interpret residuals,Unit 2: Linear regression,3.B;4.D,4,MKC.U2.05.residuals_r2_model_diagnostics,"Residuals, r-squared, and model diagnostics",Unit 2,Merged because these KCs evaluate the quality and explanatory strength of a regression model.,6,2,149
KC.U2.17.residual_plot_assess_linearity,Use residual plots to assess linearity,Unit 2: Linear regression diagnostics,4.E;4.F,4,MKC.U2.05.residuals_r2_model_diagnostics,"Residuals, r-squared, and model diagnostics",Unit 2,Merged because these KCs evaluate the quality and explanatory strength of a regression model.,11,6,270
KC.U2.18.standard_deviation_residuals,Standard deviation of residuals,Unit 2: Linear regression diagnostics,4.D,4,MKC.U2.05.residuals_r2_model_diagnostics,"Residuals, r-squared, and model diagnostics",Unit 2,Merged because these KCs evaluate the quality and explanatory strength of a regression model.,3,3,75
KC.U2.19.coefficient_of_determination,Coefficient of determination,Unit 2: Linear regression,3.B;4.D,4,MKC.U2.05.residuals_r2_model_diagnostics,"Residuals, r-squared, and model diagnostics",Unit 2,Merged because these KCs evaluate the quality and explanatory strength of a regression model.,6,6,149
KC.U2.20.regression_extrapolation,Extrapolation and prediction scope,Unit 2: Linear regression,4.E,4,MKC.U2.04.regression_prediction_interpretation,Regression prediction and coefficient interpretation,Unit 2,Merged because these KCs are about using and interpreting the fitted linear model.,3,2,74
KC.U2.21.transformations_linearization,Transformations to linearize relationships,Unit 2: Regression transformations,3.B;4.E,4,MKC.U2.03.correlation_form_outliers_transform,"Correlation, form, outliers, and transformations",Unit 2,Merged because these skills all evaluate the form and strength of a quantitative relationship.,4,2,98
KC.U3.01.population_of_interest,Population of interest,Unit 3: Data collection,2.A;2.B,5,MKC.U3.01.population_sampling_methods,Populations and sampling methods,Unit 3,Merged because these KCs all concern how samples are selected.,4,3,98
KC.U3.02.census_vs_sample_survey,Census versus sample survey,Unit 3: Data collection,2.A;2.B,5,MKC.U3.01.population_sampling_methods,Populations and sampling methods,Unit 3,Merged because these KCs all concern how samples are selected.,4,3,100
KC.U3.03.simple_random_sample,Simple random sample,Unit 3: Sampling methods,2.B,5,MKC.U3.01.population_sampling_methods,Populations and sampling methods,Unit 3,Merged because these KCs all concern how samples are selected.,19,1,466
KC.U3.04.stratified_random_sample,Stratified random sample,Unit 3: Sampling methods,2.B;3.C,5,MKC.U3.01.population_sampling_methods,Populations and sampling methods,Unit 3,Merged because these KCs all concern how samples are selected.,12,8,297
KC.U3.05.cluster_sample,Cluster sample,Unit 3: Sampling methods,2.B,5,MKC.U3.01.population_sampling_methods,Populations and sampling methods,Unit 3,Merged because these KCs all concern how samples are selected.,6,6,148
KC.U3.06.systematic_sample,Systematic sample,Unit 3: Sampling methods,2.B,5,MKC.U3.01.population_sampling_methods,Populations and sampling methods,Unit 3,Merged because these KCs all concern how samples are selected.,1,1,25
KC.U3.07.convenience_voluntary_response_sample,Convenience and voluntary-response samples,Unit 3: Bias and sampling quality,2.B;2.D,5,MKC.U3.01.population_sampling_methods,Populations and sampling methods,Unit 3,Merged because these KCs all concern how samples are selected.,8,5,200
KC.U3.08.sampling_bias_undercoverage,Sampling bias and undercoverage,Unit 3: Bias and sampling quality,2.D,5,MKC.U3.02.bias_and_generalization,Bias and scope of generalization,Unit 3,Merged because bias and generalization jointly determine whether sample results apply to a population.,11,3,273
KC.U3.09.nonresponse_bias,Nonresponse bias,Unit 3: Bias and sampling quality,2.D,5,MKC.U3.02.bias_and_generalization,Bias and scope of generalization,Unit 3,Merged because bias and generalization jointly determine whether sample results apply to a population.,1,1,25
KC.U3.10.response_wording_bias,Response and wording bias,Unit 3: Bias and sampling quality,2.D,5,MKC.U3.02.bias_and_generalization,Bias and scope of generalization,Unit 3,Merged because bias and generalization jointly determine whether sample results apply to a population.,3,3,75
KC.U3.11.generalization_scope,Scope of generalization,Unit 3: Data collection,2.B;4.E,5,MKC.U3.02.bias_and_generalization,Bias and scope of generalization,Unit 3,Merged because bias and generalization jointly determine whether sample results apply to a population.,20,14,492
KC.U3.12.observational_study,Observational study identification,Unit 3: Study type,2.C;2.D,5,MKC.U3.03.study_type_variables_units,"Study type, variables, treatments, and experimental units",Unit 3,Merged because these are structural identification skills for study design.,0,0,0
KC.U3.13.stratification_design_advantage,Statistical advantage of stratification,Unit 3: Sampling methods,2.B;4.E,5,MKC.U3.01.population_sampling_methods,Populations and sampling methods,Unit 3,Merged because these KCs all concern how samples are selected.,7,4,175
KC.U3.14.experiment_vs_observational,Experiment versus observational study,Unit 3: Experimental design,2.C;2.D,6,MKC.U3.03.study_type_variables_units,"Study type, variables, treatments, and experimental units",Unit 3,Merged because these are structural identification skills for study design.,4,1,100
KC.U3.15.experimental_units,Experimental units,Unit 3: Experimental design,2.A;2.B,6,MKC.U3.03.study_type_variables_units,"Study type, variables, treatments, and experimental units",Unit 3,Merged because these are structural identification skills for study design.,2,1,49
KC.U3.16.explanatory_response_treatments,"Treatments, explanatory variables, and response variables",Unit 3: Experimental design,2.A;2.B,6,MKC.U3.03.study_type_variables_units,"Study type, variables, treatments, and experimental units",Unit 3,Merged because these are structural identification skills for study design.,5,5,122
KC.U3.17.random_assignment,Random assignment of treatments,Unit 3: Experimental design,2.B;2.D;4.E,6,MKC.U3.04.random_assignment_causation_design,"Random assignment, replication, and causal conclusions",Unit 3,Merged because these KCs are about whether an experiment supports cause-and-effect conclusions.,11,1,273
KC.U3.18.causation_from_experiment,Causation from well-designed experiments,Unit 3: Conclusions from studies,4.B;4.G,6,MKC.U3.04.random_assignment_causation_design,"Random assignment, replication, and causal conclusions",Unit 3,Merged because these KCs are about whether an experiment supports cause-and-effect conclusions.,9,6,225
KC.U3.19.control_comparison_replication,"Control, comparison, and replication",Unit 3: Experimental design,2.B;4.E,6,MKC.U3.04.random_assignment_causation_design,"Random assignment, replication, and causal conclusions",Unit 3,Merged because these KCs are about whether an experiment supports cause-and-effect conclusions.,5,3,124
KC.U3.20.completely_randomized_design,Completely randomized design,Unit 3: Experimental design,2.B;4.E,6,MKC.U3.04.random_assignment_causation_design,"Random assignment, replication, and causal conclusions",Unit 3,Merged because these KCs are about whether an experiment supports cause-and-effect conclusions.,6,2,149
KC.U3.21.randomized_block_design,Randomized block design,Unit 3: Experimental design,2.B;4.E,6,MKC.U3.05.blocking_matching_blinding_confounding,"Blocking, matched pairs, blinding, and confounding",Unit 3,Merged because these features refine experimental design and address sources of variability or bias.,8,8,199
KC.U3.22.matched_pairs_design,Matched-pairs design,Unit 3: Experimental design,2.B;4.E,6,MKC.U3.05.blocking_matching_blinding_confounding,"Blocking, matched pairs, blinding, and confounding",Unit 3,Merged because these features refine experimental design and address sources of variability or bias.,5,5,124
KC.U3.23.placebo_blinding,Placebo and blinding,Unit 3: Experimental design,2.B;4.E,6,MKC.U3.05.blocking_matching_blinding_confounding,"Blocking, matched pairs, blinding, and confounding",Unit 3,Merged because these features refine experimental design and address sources of variability or bias.,2,1,49
KC.U3.24.confounding_variables,Confounding variables,Unit 3: Experimental design,2.D;4.E,6,MKC.U3.05.blocking_matching_blinding_confounding,"Blocking, matched pairs, blinding, and confounding",Unit 3,Merged because these features refine experimental design and address sources of variability or bias.,2,2,50
KC.U3.25.design_conclusion_scope,Study conclusions: causation and generalization,Unit 3: Conclusions from studies,4.B;4.E;4.G,6,MKC.U3.04.random_assignment_causation_design,"Random assignment, replication, and causal conclusions",Unit 3,Merged because these KCs are about whether an experiment supports cause-and-effect conclusions.,6,5,149
KC.U3.26.experimental_design_flaws,Identify experimental-design flaws,Unit 3: Experimental design,2.D;4.E,6,MKC.U3.05.blocking_matching_blinding_confounding,"Blocking, matched pairs, blinding, and confounding",Unit 3,Merged because these features refine experimental design and address sources of variability or bias.,5,2,124
KC.U4.01.probability_long_run_interpretation,Long-run interpretation of probability,Unit 4: Probability foundations,4.D;4.F,7,MKC.U4.01.probability_foundations_simulation,Probability foundations and simulation,Unit 4,Merged because these KCs are the basic probability representation layer.,12,9,299
KC.U4.02.simulation_model_design,Simulation model design,Unit 4: Probability foundations,2.B;3.C;4.F,7,MKC.U4.01.probability_foundations_simulation,Probability foundations and simulation,Unit 4,Merged because these KCs are the basic probability representation layer.,3,3,74
KC.U4.03.sample_space_outcomes,Sample spaces and outcomes,Unit 4: Probability foundations,2.A;3.C,7,MKC.U4.01.probability_foundations_simulation,Probability foundations and simulation,Unit 4,Merged because these KCs are the basic probability representation layer.,9,6,224
KC.U4.04.basic_probability_counting,Basic probability from counting,Unit 4: Probability foundations,3.C;4.D,7,MKC.U4.01.probability_foundations_simulation,Probability foundations and simulation,Unit 4,Merged because these KCs are the basic probability representation layer.,13,1,325
KC.U4.05.complement_rule,Complement rule,Unit 4: Probability rules,3.C;4.D,7,MKC.U4.01.probability_foundations_simulation,Probability foundations and simulation,Unit 4,Merged because these KCs are the basic probability representation layer.,13,5,321
KC.U4.06.union_intersection_addition_rule,"Union, intersection, and addition rule",Unit 4: Probability rules,3.C;4.D,7,MKC.U4.01.probability_foundations_simulation,Probability foundations and simulation,Unit 4,Merged because these KCs are the basic probability representation layer.,18,6,450
KC.U4.07.mutually_exclusive_events,Mutually exclusive events,Unit 4: Probability rules,2.D;4.E,7,MKC.U4.01.probability_foundations_simulation,Probability foundations and simulation,Unit 4,Merged because these KCs are the basic probability representation layer.,8,7,200
KC.U4.08.conditional_probability,Conditional probability,Unit 4: Conditional probability,3.C;4.D,8,MKC.U4.02.conditional_compound_independence,"Conditional, compound, and independent-event probability",Unit 4,Merged because these KCs require reasoning about relationships among events.,14,7,349
KC.U4.09.two_way_probability_tables,Two-way tables for probability,Unit 4: Conditional probability,3.A;3.C;4.D,8,MKC.U4.02.conditional_compound_independence,"Conditional, compound, and independent-event probability",Unit 4,Merged because these KCs require reasoning about relationships among events.,6,1,149
KC.U4.10.multiplication_rule_dependent,Multiplication rule for dependent events,Unit 4: Probability rules,3.C;4.D,8,MKC.U4.02.conditional_compound_independence,"Conditional, compound, and independent-event probability",Unit 4,Merged because these KCs require reasoning about relationships among events.,8,2,199
KC.U4.11.independent_events_probability,Independent events,Unit 4: Conditional probability,2.D;3.C;4.E,8,MKC.U4.02.conditional_compound_independence,"Conditional, compound, and independent-event probability",Unit 4,Merged because these KCs require reasoning about relationships among events.,15,13,374
KC.U4.12.probability_tree_compound_paths,Tree diagrams and compound paths,Unit 4: Probability rules,3.A;3.C,8,MKC.U4.02.conditional_compound_independence,"Conditional, compound, and independent-event probability",Unit 4,Merged because these KCs require reasoning about relationships among events.,6,4,150
KC.U4.13.bayes_total_probability,Bayes and total probability reasoning,Unit 4: Conditional probability,3.C;4.D,8,MKC.U4.02.conditional_compound_independence,"Conditional, compound, and independent-event probability",Unit 4,Merged because these KCs require reasoning about relationships among events.,2,2,50
KC.U4.14.random_variable_definition,Random variable definition,Unit 4: Random variables,2.A;3.A,9,MKC.U4.03.random_variables_expected_value,"Random variables, probability distributions, and expected value",Unit 4,Merged because these KCs use probability distributions to reason about random variables.,0,0,0
KC.U4.15.discrete_probability_distribution,Discrete probability distributions,Unit 4: Random variables,3.A;3.C,9,MKC.U4.03.random_variables_expected_value,"Random variables, probability distributions, and expected value",Unit 4,Merged because these KCs use probability distributions to reason about random variables.,11,5,275
KC.U4.16.expected_value_calculation,Expected value calculation,Unit 4: Random variables,3.B;3.D,9,MKC.U4.03.random_variables_expected_value,"Random variables, probability distributions, and expected value",Unit 4,Merged because these KCs use probability distributions to reason about random variables.,27,17,673
KC.U4.17.expected_value_interpretation,Expected value interpretation,Unit 4: Random variables,4.D;4.F,9,MKC.U4.03.random_variables_expected_value,"Random variables, probability distributions, and expected value",Unit 4,Merged because these KCs use probability distributions to reason about random variables.,16,6,398
KC.U4.18.standard_deviation_random_variable,Standard deviation of a random variable,Unit 4: Random variables,3.D;4.D,9,MKC.U4.03.random_variables_expected_value,"Random variables, probability distributions, and expected value",Unit 4,Merged because these KCs use probability distributions to reason about random variables.,8,5,200
KC.U4.19.probability_distribution_shape_center,Shape and center of probability distributions,Unit 4: Random variables,4.A;4.C,9,MKC.U4.03.random_variables_expected_value,"Random variables, probability distributions, and expected value",Unit 4,Merged because these KCs use probability distributions to reason about random variables.,3,2,75
KC.U4.20.linear_transform_random_variable,Linear transformations of random variables,Unit 4: Random variables,3.D;4.D,9,MKC.U4.03.random_variables_expected_value,"Random variables, probability distributions, and expected value",Unit 4,Merged because these KCs use probability distributions to reason about random variables.,3,3,75
KC.U4.21.combining_independent_random_variables,Combining independent random variables,Unit 4: Random variables,3.D;4.D,9,MKC.U4.03.random_variables_expected_value,"Random variables, probability distributions, and expected value",Unit 4,Merged because these KCs use probability distributions to reason about random variables.,6,5,150
KC.U4.22.joint_distribution_independence,Joint distributions and independence of random variables,Unit 4: Random variables,3.A;3.C;4.E,9,MKC.U4.03.random_variables_expected_value,"Random variables, probability distributions, and expected value",Unit 4,Merged because these KCs use probability distributions to reason about random variables.,1,1,25
KC.U4.23.binomial_conditions,Binomial conditions,Unit 4: Binomial and geometric models,2.C;4.E,10,MKC.U4.04.binomial_model,Binomial model,Unit 4,Merged because these KCs are all components of binomial modeling.,19,4,472
KC.U4.24.binomial_exact_probability,Binomial exact probability,Unit 4: Binomial and geometric models,3.C;3.D,10,MKC.U4.04.binomial_model,Binomial model,Unit 4,Merged because these KCs are all components of binomial modeling.,13,9,322
KC.U4.25.binomial_cumulative_probability,Binomial cumulative and complement probability,Unit 4: Binomial and geometric models,3.C;4.D,10,MKC.U4.04.binomial_model,Binomial model,Unit 4,Merged because these KCs are all components of binomial modeling.,9,5,225
KC.U4.26.binomial_mean_sd,Binomial mean and standard deviation,Unit 4: Binomial and geometric models,3.D;4.D,10,MKC.U4.04.binomial_model,Binomial model,Unit 4,Merged because these KCs are all components of binomial modeling.,11,8,274
KC.U4.27.binomial_formula_interpretation,Interpret binomial formulas,Unit 4: Binomial and geometric models,4.D;4.F,10,MKC.U4.04.binomial_model,Binomial model,Unit 4,Merged because these KCs are all components of binomial modeling.,4,1,99
KC.U4.28.geometric_conditions,Geometric conditions,Unit 4: Binomial and geometric models,2.C;4.E,10,MKC.U4.05.geometric_model,Geometric model and binomial/geometric choice,Unit 4,Merged because these KCs describe waiting-until-first-success modeling.,10,4,248
KC.U4.29.geometric_probability,Geometric probability,Unit 4: Binomial and geometric models,3.C;3.D,10,MKC.U4.05.geometric_model,Geometric model and binomial/geometric choice,Unit 4,Merged because these KCs describe waiting-until-first-success modeling.,7,7,174
KC.U4.30.geometric_mean_sd,Geometric mean and standard deviation,Unit 4: Binomial and geometric models,3.D;4.D,10,MKC.U4.05.geometric_model,Geometric model and binomial/geometric choice,Unit 4,Merged because these KCs describe waiting-until-first-success modeling.,10,8,249
KC.U4.31.choose_binomial_vs_geometric,Choose binomial versus geometric model,Unit 4: Binomial and geometric models,2.C;4.E,10,MKC.U4.05.geometric_model,Geometric model and binomial/geometric choice,Unit 4,Merged because these KCs describe waiting-until-first-success modeling.,6,0,150
KC.U4.32.probability_from_simulation,Probability from simulation output,Unit 4: Simulation and probability models,3.C;4.F,10,MKC.U4.01.probability_foundations_simulation,Probability foundations and simulation,Unit 4,Merged because these KCs are the basic probability representation layer.,6,6,150
KC.U4.33.expected_value_decision_making,Expected value decision making,Unit 4: Random variables,3.D;4.B;4.G,9,MKC.U4.03.random_variables_expected_value,"Random variables, probability distributions, and expected value",Unit 4,Merged because these KCs use probability distributions to reason about random variables.,5,4,125
KC.U4.34.model_assumptions_independence_trials,Independence and trial assumptions,Unit 4: Probability models,2.C;4.E,10,MKC.U4.02.conditional_compound_independence,"Conditional, compound, and independent-event probability",Unit 4,Merged because these KCs require reasoning about relationships among events.,1,0,25
KC.U5.01.normal_model_percentile_interval,Normal model percentiles and central intervals,Unit 5: Normal models and sampling distributions,3.C;4.D,11,MKC.U5.01.normal_simulation_estimators,"Normal models, simulation, and estimators",Unit 5,Merged because these KCs introduce sampling-distribution and estimation thinking before specific statistics.,5,3,120
KC.U5.02.normal_model_probability,Normal model probability for individuals,Unit 5: Normal models and sampling distributions,3.C;4.D,11,MKC.U5.01.normal_simulation_estimators,"Normal models, simulation, and estimators",Unit 5,Merged because these KCs introduce sampling-distribution and estimation thinking before specific statistics.,9,7,217
KC.U5.03.normal_model_appropriateness,Normal model appropriateness,Unit 5: Normal models and sampling distributions,2.C;4.E,11,MKC.U5.01.normal_simulation_estimators,"Normal models, simulation, and estimators",Unit 5,Merged because these KCs introduce sampling-distribution and estimation thinking before specific statistics.,4,4,96
KC.U5.04.simulation_sampling_distribution,Simulation of sampling distributions,Unit 5: Simulation and sampling distributions,3.A;4.A;4.D,11,MKC.U5.01.normal_simulation_estimators,"Normal models, simulation, and estimators",Unit 5,Merged because these KCs introduce sampling-distribution and estimation thinking before specific statistics.,5,3,120
KC.U5.05.sample_size_effect_variability,Sample size effect on variability,Unit 5: Sampling distributions,4.D;4.E,11,MKC.U5.01.normal_simulation_estimators,"Normal models, simulation, and estimators",Unit 5,Merged because these KCs introduce sampling-distribution and estimation thinking before specific statistics.,11,2,264
KC.U5.06.point_estimator_statistic_parameter,"Point estimators, statistics, and parameters",Unit 5: Estimation foundations,2.A;4.D,11,MKC.U5.01.normal_simulation_estimators,"Normal models, simulation, and estimators",Unit 5,Merged because these KCs introduce sampling-distribution and estimation thinking before specific statistics.,3,3,72
KC.U5.07.unbiased_estimator,Unbiased estimator,Unit 5: Estimation foundations,4.D;4.E,11,MKC.U5.01.normal_simulation_estimators,"Normal models, simulation, and estimators",Unit 5,Merged because these KCs introduce sampling-distribution and estimation thinking before specific statistics.,6,4,144
KC.U5.08.estimator_variability_efficiency,Estimator variability and efficiency,Unit 5: Estimation foundations,4.A;4.D,11,MKC.U5.01.normal_simulation_estimators,"Normal models, simulation, and estimators",Unit 5,Merged because these KCs introduce sampling-distribution and estimation thinking before specific statistics.,7,5,169
KC.U5.09.sample_proportion_mean,Mean of sampling distribution of sample proportion,Unit 5: Sample proportions,3.D;4.D,12,MKC.U5.02.sample_proportion_sampling_distribution,Sampling distribution of a sample proportion,Unit 5,Merged because these KCs describe one sampling distribution: p-hat.,7,6,163
KC.U5.10.sample_proportion_standard_error,Standard error of a sample proportion,Unit 5: Sample proportions,3.D;4.D,12,MKC.U5.02.sample_proportion_sampling_distribution,Sampling distribution of a sample proportion,Unit 5,Merged because these KCs describe one sampling distribution: p-hat.,2,0,46
KC.U5.11.sample_proportion_normal_conditions,Normal conditions for sample proportion,Unit 5: Sample proportions,2.C;4.E,12,MKC.U5.02.sample_proportion_sampling_distribution,Sampling distribution of a sample proportion,Unit 5,Merged because these KCs describe one sampling distribution: p-hat.,9,3,216
KC.U5.12.sample_proportion_probability,Probability involving a sample proportion,Unit 5: Sample proportions,3.C;4.D,12,MKC.U5.02.sample_proportion_sampling_distribution,Sampling distribution of a sample proportion,Unit 5,Merged because these KCs describe one sampling distribution: p-hat.,0,0,0
KC.U5.13.difference_sample_proportions_mean,Mean of difference in sample proportions,Unit 5: Difference in proportions,3.D;4.D,12,MKC.U5.03.diff_proportions_sampling_distribution,Sampling distribution of a difference in sample proportions,Unit 5,Merged because these KCs describe the sampling distribution of p-hat1 minus p-hat2.,8,4,188
KC.U5.14.difference_sample_proportions_standard_error,Standard error of difference in sample proportions,Unit 5: Difference in proportions,3.D;4.D,12,MKC.U5.03.diff_proportions_sampling_distribution,Sampling distribution of a difference in sample proportions,Unit 5,Merged because these KCs describe the sampling distribution of p-hat1 minus p-hat2.,10,7,238
KC.U5.15.difference_sample_proportions_normal_conditions,Normal conditions for difference in sample proportions,Unit 5: Difference in proportions,2.C;4.E,12,MKC.U5.03.diff_proportions_sampling_distribution,Sampling distribution of a difference in sample proportions,Unit 5,Merged because these KCs describe the sampling distribution of p-hat1 minus p-hat2.,6,6,142
KC.U5.16.difference_sample_proportions_probability,Probability for difference in sample proportions,Unit 5: Difference in proportions,3.C;4.D,12,MKC.U5.03.diff_proportions_sampling_distribution,Sampling distribution of a difference in sample proportions,Unit 5,Merged because these KCs describe the sampling distribution of p-hat1 minus p-hat2.,4,2,96
KC.U5.17.sample_mean_mean,Mean of sampling distribution of sample mean,Unit 5: Sample means,3.D;4.D,13,MKC.U5.04.sample_mean_sampling_distribution,Sampling distribution of a sample mean,Unit 5,Merged because these KCs describe one sampling distribution: x-bar.,6,3,145
KC.U5.18.sample_mean_standard_error,Standard error of a sample mean,Unit 5: Sample means,3.D;4.D,13,MKC.U5.04.sample_mean_sampling_distribution,Sampling distribution of a sample mean,Unit 5,Merged because these KCs describe one sampling distribution: x-bar.,12,3,291
KC.U5.19.clt_sample_mean_shape,Shape of sampling distribution and CLT,Unit 5: Sample means,2.C;4.E,13,MKC.U5.04.sample_mean_sampling_distribution,Sampling distribution of a sample mean,Unit 5,Merged because these KCs describe one sampling distribution: x-bar.,5,4,121
KC.U5.20.sample_mean_probability,Probability involving a sample mean,Unit 5: Sample means,3.C;4.D,13,MKC.U5.04.sample_mean_sampling_distribution,Sampling distribution of a sample mean,Unit 5,Merged because these KCs describe one sampling distribution: x-bar.,6,4,146
KC.U5.21.difference_sample_means_mean,Mean of difference in sample means,Unit 5: Difference in means,3.D;4.D,13,MKC.U5.05.diff_means_sampling_distribution,Sampling distribution of a difference in sample means,Unit 5,Merged because these KCs describe the sampling distribution of x-bar1 minus x-bar2.,2,2,48
KC.U5.22.difference_sample_means_standard_error,Standard error of difference in sample means,Unit 5: Difference in means,3.D;4.D,13,MKC.U5.05.diff_means_sampling_distribution,Sampling distribution of a difference in sample means,Unit 5,Merged because these KCs describe the sampling distribution of x-bar1 minus x-bar2.,3,2,73
KC.U5.23.difference_sample_means_normal_conditions,Normal conditions for difference in sample means,Unit 5: Difference in means,2.C;4.E,13,MKC.U5.05.diff_means_sampling_distribution,Sampling distribution of a difference in sample means,Unit 5,Merged because these KCs describe the sampling distribution of x-bar1 minus x-bar2.,2,2,48
KC.U5.24.difference_sample_means_units,Units for standard error of difference in sample means,Unit 5: Difference in means,4.D,13,MKC.U5.05.diff_means_sampling_distribution,Sampling distribution of a difference in sample means,Unit 5,Merged because these KCs describe the sampling distribution of x-bar1 minus x-bar2.,1,1,24
KC.U5.25.statistic_sampling_distribution_interpretation,Interpret sampling-distribution notation,Unit 5: Sampling distributions,4.D;4.F,13,MKC.U5.04.sample_mean_sampling_distribution,Sampling distribution of a sample mean,Unit 5,Merged because these KCs describe one sampling distribution: x-bar.,11,1,259
KC.U5.26.compare_individual_vs_sample_statistic,Individual value vs sample statistic probability,Unit 5: Sampling distributions,4.D;4.E,13,MKC.U5.04.sample_mean_sampling_distribution,Sampling distribution of a sample mean,Unit 5,Merged because these KCs describe one sampling distribution: x-bar.,2,0,25
KC.U6.01.population_proportion_parameter,Population proportion parameter,Unit 6: One-proportion inference,2.A;2.E;4.D,14,MKC.U6.01.one_prop_confidence_intervals,One-proportion confidence intervals,Unit 6,Merged because these KCs form a complete one-proportion CI procedure.,3,0,73
KC.U6.02.one_prop_ci_procedure_selection,One-proportion confidence interval procedure selection,Unit 6: One-proportion confidence intervals,2.C;4.E,14,MKC.U6.01.one_prop_confidence_intervals,One-proportion confidence intervals,Unit 6,Merged because these KCs form a complete one-proportion CI procedure.,7,4,166
KC.U6.03.sample_proportion_se_for_inference,Standard error for a sample proportion interval,Unit 6: One-proportion confidence intervals,3.C;3.E,14,MKC.U6.01.one_prop_confidence_intervals,One-proportion confidence intervals,Unit 6,Merged because these KCs form a complete one-proportion CI procedure.,6,1,141
KC.U6.04.one_prop_ci_conditions,Conditions for one-proportion confidence interval,Unit 6: One-proportion confidence intervals,2.C;4.E,14,MKC.U6.01.one_prop_confidence_intervals,One-proportion confidence intervals,Unit 6,Merged because these KCs form a complete one-proportion CI procedure.,6,5,142
KC.U6.05.critical_value_confidence_level,Critical value for confidence level,Unit 6: One-proportion confidence intervals,3.C;4.D,14,MKC.U6.01.one_prop_confidence_intervals,One-proportion confidence intervals,Unit 6,Merged because these KCs form a complete one-proportion CI procedure.,7,0,167
KC.U6.06.one_prop_ci_compute,Compute one-proportion confidence interval,Unit 6: One-proportion confidence intervals,3.E;4.F,14,MKC.U6.01.one_prop_confidence_intervals,One-proportion confidence intervals,Unit 6,Merged because these KCs form a complete one-proportion CI procedure.,5,4,119
KC.U6.07.one_prop_ci_interpret,Interpret one-proportion confidence interval,Unit 6: One-proportion confidence intervals,4.D;4.F,14,MKC.U6.01.one_prop_confidence_intervals,One-proportion confidence intervals,Unit 6,Merged because these KCs form a complete one-proportion CI procedure.,12,5,287
KC.U6.08.margin_error_width_sample_size,"Margin of error, width, and sample size",Unit 6: One-proportion confidence intervals,3.C;4.D,14,MKC.U6.01.one_prop_confidence_intervals,One-proportion confidence intervals,Unit 6,Merged because these KCs form a complete one-proportion CI procedure.,4,3,93
KC.U6.09.ci_claim_plausibility,Use confidence interval to assess a claim,Unit 6: One-proportion confidence intervals,4.B;4.G,14,MKC.U6.01.one_prop_confidence_intervals,One-proportion confidence intervals,Unit 6,Merged because these KCs form a complete one-proportion CI procedure.,8,5,191
KC.U6.10.confidence_level_long_run_interpretation,Long-run interpretation of confidence level,Unit 6: Inference interpretation,4.D;4.F,14,MKC.U6.01.one_prop_confidence_intervals,One-proportion confidence intervals,Unit 6,Merged because these KCs form a complete one-proportion CI procedure.,7,3,163
KC.U6.11.one_prop_test_procedure_selection,One-proportion z-test procedure selection,Unit 6: One-proportion tests,2.C;4.E,15,MKC.U6.02.one_prop_hypothesis_tests,One-proportion hypothesis tests,Unit 6,Merged because these KCs form a complete one-proportion hypothesis-test procedure.,5,3,122
KC.U6.12.one_prop_hypotheses,One-proportion hypotheses,Unit 6: One-proportion tests,2.E;4.E,15,MKC.U6.02.one_prop_hypothesis_tests,One-proportion hypothesis tests,Unit 6,Merged because these KCs form a complete one-proportion hypothesis-test procedure.,7,6,171
KC.U6.13.one_prop_test_conditions,Conditions for one-proportion z-test,Unit 6: One-proportion tests,2.C;4.E,15,MKC.U6.02.one_prop_hypothesis_tests,One-proportion hypothesis tests,Unit 6,Merged because these KCs form a complete one-proportion hypothesis-test procedure.,9,5,219
KC.U6.14.one_prop_test_statistic,One-proportion z-test statistic,Unit 6: One-proportion tests,3.E;4.F,15,MKC.U6.02.one_prop_hypothesis_tests,One-proportion hypothesis tests,Unit 6,Merged because these KCs form a complete one-proportion hypothesis-test procedure.,5,5,122
KC.U6.15.p_value_calculate_interpret,P-value calculation and interpretation,Unit 6: Hypothesis tests,3.E;4.F,15,MKC.U6.02.one_prop_hypothesis_tests,One-proportion hypothesis tests,Unit 6,Merged because these KCs form a complete one-proportion hypothesis-test procedure.,25,7,607
KC.U6.16.hypothesis_test_decision_conclusion,Hypothesis test decision and conclusion,Unit 6: Hypothesis tests,4.F;4.G,15,MKC.U6.02.one_prop_hypothesis_tests,One-proportion hypothesis tests,Unit 6,Merged because these KCs form a complete one-proportion hypothesis-test procedure.,12,6,290
KC.U6.17.ci_test_connection_one_prop,Connection between confidence intervals and tests,Unit 6: Inference interpretation,4.F;4.G,15,MKC.U6.02.one_prop_hypothesis_tests,One-proportion hypothesis tests,Unit 6,Merged because these KCs form a complete one-proportion hypothesis-test procedure.,8,8,194
KC.U6.18.type_i_error,Type I error in context,Unit 6: Errors and power,2.D;4.F,16,MKC.U6.03.errors_alpha_power,"Type I/II error, alpha, beta, and power",Unit 6,Merged because these KCs concern the operating characteristics of tests.,12,4,286
KC.U6.19.type_ii_error,Type II error in context,Unit 6: Errors and power,2.D;4.F,16,MKC.U6.03.errors_alpha_power,"Type I/II error, alpha, beta, and power",Unit 6,Merged because these KCs concern the operating characteristics of tests.,14,4,336
KC.U6.20.significance_level_alpha,Significance level alpha,Unit 6: Errors and power,4.D;4.F,16,MKC.U6.03.errors_alpha_power,"Type I/II error, alpha, beta, and power",Unit 6,Merged because these KCs concern the operating characteristics of tests.,13,5,309
KC.U6.21.power_beta_relationship,Power and Type II error relationship,Unit 6: Errors and power,3.C;4.D,16,MKC.U6.03.errors_alpha_power,"Type I/II error, alpha, beta, and power",Unit 6,Merged because these KCs concern the operating characteristics of tests.,6,3,144
KC.U6.22.alpha_beta_tradeoff,"Tradeoffs among alpha, beta, sample size, and standard error",Unit 6: Errors and power,4.E;4.F,16,MKC.U6.03.errors_alpha_power,"Type I/II error, alpha, beta, and power",Unit 6,Merged because these KCs concern the operating characteristics of tests.,7,5,165
KC.U6.23.two_prop_ci_procedure_selection,Two-proportion confidence interval procedure selection,Unit 6: Difference in proportions,2.C;4.E,16,MKC.U6.04.two_prop_confidence_intervals,Two-proportion confidence intervals,Unit 6,Merged because these KCs form a complete two-proportion CI procedure.,2,2,46
KC.U6.24.two_prop_inference_conditions,Conditions for two-proportion inference,Unit 6: Difference in proportions,2.C;4.E,16,MKC.U6.04.two_prop_confidence_intervals,Two-proportion confidence intervals,Unit 6,Merged because these KCs form a complete two-proportion CI procedure.,6,4,142
KC.U6.25.two_prop_ci_standard_error,Two-proportion confidence interval standard error,Unit 6: Difference in proportions,3.E;4.F,16,MKC.U6.04.two_prop_confidence_intervals,Two-proportion confidence intervals,Unit 6,Merged because these KCs form a complete two-proportion CI procedure.,3,1,71
KC.U6.26.two_prop_ci_compute_interpret,Compute and interpret two-proportion confidence interval,Unit 6: Difference in proportions,3.E;4.F,16,MKC.U6.04.two_prop_confidence_intervals,Two-proportion confidence intervals,Unit 6,Merged because these KCs form a complete two-proportion CI procedure.,8,3,187
KC.U6.27.two_prop_ci_plausibility_difference,Use two-proportion CI to assess difference,Unit 6: Difference in proportions,4.B;4.G,16,MKC.U6.04.two_prop_confidence_intervals,Two-proportion confidence intervals,Unit 6,Merged because these KCs form a complete two-proportion CI procedure.,3,3,70
KC.U6.28.two_prop_test_procedure_selection,Two-proportion z-test procedure selection,Unit 6: Difference in proportions,2.C;4.E,17,MKC.U6.05.two_prop_hypothesis_tests,Two-proportion hypothesis tests,Unit 6,Merged because these KCs form a complete two-proportion hypothesis-test procedure.,7,4,171
KC.U6.29.two_prop_hypotheses,Two-proportion hypotheses,Unit 6: Difference in proportions,2.E;4.E,17,MKC.U6.05.two_prop_hypothesis_tests,Two-proportion hypothesis tests,Unit 6,Merged because these KCs form a complete two-proportion hypothesis-test procedure.,4,4,97
KC.U6.30.pooled_proportion_test_se,Pooled proportion and test standard error,Unit 6: Difference in proportions,3.E;4.F,17,MKC.U6.05.two_prop_hypothesis_tests,Two-proportion hypothesis tests,Unit 6,Merged because these KCs form a complete two-proportion hypothesis-test procedure.,7,1,171
KC.U6.31.two_prop_test_statistic_pvalue,Two-proportion test statistic and p-value,Unit 6: Difference in proportions,3.E;4.F,17,MKC.U6.05.two_prop_hypothesis_tests,Two-proportion hypothesis tests,Unit 6,Merged because these KCs form a complete two-proportion hypothesis-test procedure.,8,8,196
KC.U6.32.two_prop_test_conclusion,Two-proportion test conclusion,Unit 6: Difference in proportions,4.F;4.G,17,MKC.U6.05.two_prop_hypothesis_tests,Two-proportion hypothesis tests,Unit 6,Merged because these KCs form a complete two-proportion hypothesis-test procedure.,3,3,73
KC.U6.33.parameter_statistic_inference_language,Inference language: parameter vs statistic,Unit 6: Inference interpretation,4.D;4.F,17,MKC.U6.02.one_prop_hypothesis_tests,One-proportion hypothesis tests,Unit 6,Merged because these KCs form a complete one-proportion hypothesis-test procedure.,17,0,414
KC.U7.01.mean_inference_procedure_selection,Mean inference procedure selection,Unit 7: Means inference,2.C;4.E,18,MKC.U7.01.t_intervals_mean_foundations,t-distribution and one-sample mean intervals,Unit 7,Merged because these KCs support one-sample confidence intervals for means.,9,2,213
KC.U7.02.t_distribution_degrees_freedom,t-distribution and degrees of freedom,Unit 7: Means inference,2.C;3.E,18,MKC.U7.01.t_intervals_mean_foundations,t-distribution and one-sample mean intervals,Unit 7,Merged because these KCs support one-sample confidence intervals for means.,4,2,92
KC.U7.03.standard_error_mean,Standard error for sample mean,Unit 7: Means inference,3.E,18,MKC.U7.01.t_intervals_mean_foundations,t-distribution and one-sample mean intervals,Unit 7,Merged because these KCs support one-sample confidence intervals for means.,8,1,190
KC.U7.04.one_sample_t_interval_conditions,One-sample t-interval conditions,Unit 7: Confidence intervals for means,4.E,18,MKC.U7.01.t_intervals_mean_foundations,t-distribution and one-sample mean intervals,Unit 7,Merged because these KCs support one-sample confidence intervals for means.,4,3,93
KC.U7.05.one_sample_t_interval_compute,Compute one-sample t-interval,Unit 7: Confidence intervals for means,3.E;4.F,18,MKC.U7.01.t_intervals_mean_foundations,t-distribution and one-sample mean intervals,Unit 7,Merged because these KCs support one-sample confidence intervals for means.,2,2,46
KC.U7.06.t_interval_interpretation,Interpret t confidence interval for a mean,Unit 7: Confidence intervals for means,4.D;4.F,18,MKC.U7.01.t_intervals_mean_foundations,t-distribution and one-sample mean intervals,Unit 7,Merged because these KCs support one-sample confidence intervals for means.,5,5,115
KC.U7.07.ci_width_sample_size_confidence,"CI width, sample size, and confidence level",Unit 7: Confidence intervals for means,4.B;4.F,18,MKC.U7.01.t_intervals_mean_foundations,t-distribution and one-sample mean intervals,Unit 7,Merged because these KCs support one-sample confidence intervals for means.,4,4,92
KC.U7.08.matched_pairs_interval_procedure,Matched-pairs t-interval,Unit 7: Matched pairs,2.C;3.E;4.F,18,MKC.U7.02.matched_pairs_mean_inference,Matched-pairs inference for means,Unit 7,Merged because matched-pairs inference is a distinct data-structure skill across intervals and tests.,1,1,23
KC.U7.09.generalization_scope_quantitative_inference,Generalization scope for quantitative inference,Unit 7: Inference interpretation,2.A;4.D,18,MKC.U7.01.t_intervals_mean_foundations,t-distribution and one-sample mean intervals,Unit 7,Merged because these KCs support one-sample confidence intervals for means.,2,1,46
KC.U7.10.one_sample_t_test_procedure_selection,One-sample t-test procedure selection,Unit 7: Tests for means,2.C;4.E,19,MKC.U7.03.one_sample_t_tests,One-sample and matched-pairs t-tests,Unit 7,Merged because these KCs complete the t-test workflow for one mean or paired differences.,3,2,73
KC.U7.11.matched_pairs_t_test_procedure_selection,Matched-pairs t-test procedure selection,Unit 7: Matched pairs,2.C;4.E,19,MKC.U7.02.matched_pairs_mean_inference,Matched-pairs inference for means,Unit 7,Merged because matched-pairs inference is a distinct data-structure skill across intervals and tests.,10,3,243
KC.U7.12.mean_hypotheses,Hypotheses for population mean,Unit 7: Tests for means,2.E;4.E,19,MKC.U7.03.one_sample_t_tests,One-sample and matched-pairs t-tests,Unit 7,Merged because these KCs complete the t-test workflow for one mean or paired differences.,7,6,170
KC.U7.13.t_test_conditions,t-test conditions for means,Unit 7: Tests for means,4.E,19,MKC.U7.03.one_sample_t_tests,One-sample and matched-pairs t-tests,Unit 7,Merged because these KCs complete the t-test workflow for one mean or paired differences.,6,4,147
KC.U7.14.t_test_statistic_mean,t-test statistic for a mean,Unit 7: Tests for means,3.E;4.F,19,MKC.U7.03.one_sample_t_tests,One-sample and matched-pairs t-tests,Unit 7,Merged because these KCs complete the t-test workflow for one mean or paired differences.,7,7,170
KC.U7.15.p_value_interpretation_mean,p-value interpretation for mean tests,Unit 7: Tests for means,4.F,19,MKC.U7.03.one_sample_t_tests,One-sample and matched-pairs t-tests,Unit 7,Merged because these KCs complete the t-test workflow for one mean or paired differences.,11,4,268
KC.U7.16.t_test_decision_conclusion,Decision and conclusion for mean tests,Unit 7: Tests for means,4.F;4.G,19,MKC.U7.03.one_sample_t_tests,One-sample and matched-pairs t-tests,Unit 7,Merged because these KCs complete the t-test workflow for one mean or paired differences.,6,6,146
KC.U7.17.test_not_appropriate_skew_small_sample,When mean inference is not appropriate,Unit 7: Tests for means,4.E,19,MKC.U7.03.one_sample_t_tests,One-sample and matched-pairs t-tests,Unit 7,Merged because these KCs complete the t-test workflow for one mean or paired differences.,3,2,72
KC.U7.18.two_sample_t_interval_procedure_selection,Two-sample t-interval procedure selection,Unit 7: Difference in means,2.C;4.E,20,MKC.U7.04.two_sample_t_intervals,Two-sample t confidence intervals,Unit 7,Merged because these KCs form a complete two-sample mean CI procedure.,1,0,24
KC.U7.19.two_sample_t_interval_conditions,Two-sample t-interval conditions,Unit 7: Difference in means,4.E,20,MKC.U7.04.two_sample_t_intervals,Two-sample t confidence intervals,Unit 7,Merged because these KCs form a complete two-sample mean CI procedure.,3,3,71
KC.U7.20.two_sample_t_interval_compute_interpret,Compute and interpret two-sample t interval,Unit 7: Difference in means,3.E;4.F,20,MKC.U7.04.two_sample_t_intervals,Two-sample t confidence intervals,Unit 7,Merged because these KCs form a complete two-sample mean CI procedure.,10,5,234
KC.U7.21.two_sample_t_interval_claim_plausibility,Use two-sample t interval to assess a claim,Unit 7: Difference in means,4.B;4.G,20,MKC.U7.04.two_sample_t_intervals,Two-sample t confidence intervals,Unit 7,Merged because these KCs form a complete two-sample mean CI procedure.,4,2,94
KC.U7.22.two_sample_t_test_procedure_selection,Two-sample t-test procedure selection,Unit 7: Difference in means,2.C;4.E,20,MKC.U7.05.two_sample_t_tests,Two-sample t-tests,Unit 7,Merged because these KCs form a complete two-sample t-test procedure.,8,3,191
KC.U7.23.two_sample_t_hypotheses,Two-sample t-test hypotheses,Unit 7: Difference in means,2.E;4.E,20,MKC.U7.05.two_sample_t_tests,Two-sample t-tests,Unit 7,Merged because these KCs form a complete two-sample t-test procedure.,4,3,94
KC.U7.24.two_sample_t_test_statistic_pvalue,Two-sample t-test statistic and p-value,Unit 7: Difference in means,3.E;4.F,20,MKC.U7.05.two_sample_t_tests,Two-sample t-tests,Unit 7,Merged because these KCs form a complete two-sample t-test procedure.,9,6,213
KC.U7.25.two_sample_t_test_conclusion,Two-sample t-test conclusion,Unit 7: Difference in means,4.F;4.G,20,MKC.U7.05.two_sample_t_tests,Two-sample t-tests,Unit 7,Merged because these KCs form a complete two-sample t-test procedure.,4,3,95
KC.U7.26.family_error_rate_multiple_tests,Family error rate for multiple t-tests,Unit 7: Multiple comparisons,3.C;4.F,20,MKC.U7.06.multiple_comparisons_family_error,Multiple comparisons and family error rate,Unit 7,Merged because these KCs extend inference to repeated testing settings.,7,5,164
KC.U7.27.multiple_comparisons_alpha_adjustment,Alpha adjustment for multiple comparisons,Unit 7: Multiple comparisons,3.C;4.E;4.F,20,MKC.U7.06.multiple_comparisons_family_error,Multiple comparisons and family error rate,Unit 7,Merged because these KCs extend inference to repeated testing settings.,2,2,47
KC.U7.28.parameter_statistic_mean_inference_language,Parameter/statistic language for mean inference,Unit 7: Inference interpretation,4.D;4.F;4.G,18,MKC.U7.05.two_sample_t_tests,Two-sample t-tests,Unit 7,Merged because these KCs form a complete two-sample t-test procedure.,29,0,690
KC.U8.01.categorical_count_data_structure,Categorical count data for chi-square inference,Unit 8: Chi-square foundations,2.A;2.C,21,MKC.U8.01.chi_square_gof,Chi-square goodness-of-fit tests,Unit 8,Merged because these KCs are all components of one chi-square GOF procedure.,2,0,49
KC.U8.02.gof_procedure_selection,Goodness-of-fit procedure selection,Unit 8: Goodness-of-fit,2.C;4.E,21,MKC.U8.01.chi_square_gof,Chi-square goodness-of-fit tests,Unit 8,Merged because these KCs are all components of one chi-square GOF procedure.,4,3,97
KC.U8.03.gof_null_alternative_hypotheses,Goodness-of-fit hypotheses,Unit 8: Goodness-of-fit,2.E;4.E,21,MKC.U8.01.chi_square_gof,Chi-square goodness-of-fit tests,Unit 8,Merged because these KCs are all components of one chi-square GOF procedure.,5,4,121
KC.U8.04.gof_expected_counts,Goodness-of-fit expected counts,Unit 8: Goodness-of-fit,3.C;3.E,21,MKC.U8.01.chi_square_gof,Chi-square goodness-of-fit tests,Unit 8,Merged because these KCs are all components of one chi-square GOF procedure.,9,3,219
KC.U8.05.gof_conditions,Goodness-of-fit conditions,Unit 8: Goodness-of-fit,4.E,21,MKC.U8.01.chi_square_gof,Chi-square goodness-of-fit tests,Unit 8,Merged because these KCs are all components of one chi-square GOF procedure.,3,3,73
KC.U8.06.gof_degrees_freedom,Goodness-of-fit degrees of freedom,Unit 8: Goodness-of-fit,3.E,21,MKC.U8.01.chi_square_gof,Chi-square goodness-of-fit tests,Unit 8,Merged because these KCs are all components of one chi-square GOF procedure.,3,0,73
KC.U8.07.gof_test_statistic_contributions,Goodness-of-fit test statistic and contributions,Unit 8: Goodness-of-fit,3.E;4.B,21,MKC.U8.01.chi_square_gof,Chi-square goodness-of-fit tests,Unit 8,Merged because these KCs are all components of one chi-square GOF procedure.,2,2,48
KC.U8.08.gof_p_value_interpretation,Goodness-of-fit p-value interpretation,Unit 8: Goodness-of-fit,4.F,21,MKC.U8.01.chi_square_gof,Chi-square goodness-of-fit tests,Unit 8,Merged because these KCs are all components of one chi-square GOF procedure.,6,4,146
KC.U8.09.gof_decision_conclusion,Goodness-of-fit decision and conclusion,Unit 8: Goodness-of-fit,4.F;4.G,21,MKC.U8.01.chi_square_gof,Chi-square goodness-of-fit tests,Unit 8,Merged because these KCs are all components of one chi-square GOF procedure.,3,3,73
KC.U8.10.chi_square_distribution_shape,Chi-square distribution shape,Unit 8: Chi-square foundations,4.C,21,MKC.U8.01.chi_square_gof,Chi-square goodness-of-fit tests,Unit 8,Merged because these KCs are all components of one chi-square GOF procedure.,1,1,24
KC.U8.11.gof_uniform_distribution_application,Uniform distribution in goodness-of-fit,Unit 8: Goodness-of-fit,2.E;3.C,21,MKC.U8.01.chi_square_gof,Chi-square goodness-of-fit tests,Unit 8,Merged because these KCs are all components of one chi-square GOF procedure.,2,0,48
KC.U8.12.two_way_expected_counts,Two-way-table expected counts,Unit 8: Two-way chi-square tests,3.C;3.E,22,MKC.U8.02.chi_square_two_way_structure,"Two-way chi-square structure, hypotheses, and conditions",Unit 8,Merged because these KCs define the structure and assumptions of two-way chi-square tests.,7,4,164
KC.U8.13.homogeneity_procedure_selection,Chi-square homogeneity procedure selection,Unit 8: Homogeneity,2.C;4.E,22,MKC.U8.02.chi_square_two_way_structure,"Two-way chi-square structure, hypotheses, and conditions",Unit 8,Merged because these KCs define the structure and assumptions of two-way chi-square tests.,10,6,236
KC.U8.14.independence_procedure_selection,Chi-square independence procedure selection,Unit 8: Independence,2.C;4.E,22,MKC.U8.02.chi_square_two_way_structure,"Two-way chi-square structure, hypotheses, and conditions",Unit 8,Merged because these KCs define the structure and assumptions of two-way chi-square tests.,8,2,190
KC.U8.15.homogeneity_vs_independence_distinction,Homogeneity vs independence distinction,Unit 8: Two-way chi-square tests,2.C;4.E,22,MKC.U8.02.chi_square_two_way_structure,"Two-way chi-square structure, hypotheses, and conditions",Unit 8,Merged because these KCs define the structure and assumptions of two-way chi-square tests.,7,2,168
KC.U8.16.homogeneity_hypotheses,Homogeneity hypotheses,Unit 8: Homogeneity,2.E;4.E,22,MKC.U8.02.chi_square_two_way_structure,"Two-way chi-square structure, hypotheses, and conditions",Unit 8,Merged because these KCs define the structure and assumptions of two-way chi-square tests.,7,1,166
KC.U8.17.independence_hypotheses,Independence hypotheses,Unit 8: Independence,2.E;4.E,22,MKC.U8.02.chi_square_two_way_structure,"Two-way chi-square structure, hypotheses, and conditions",Unit 8,Merged because these KCs define the structure and assumptions of two-way chi-square tests.,4,2,94
KC.U8.18.two_way_chi_square_conditions,Two-way chi-square conditions,Unit 8: Two-way chi-square tests,4.E,22,MKC.U8.02.chi_square_two_way_structure,"Two-way chi-square structure, hypotheses, and conditions",Unit 8,Merged because these KCs define the structure and assumptions of two-way chi-square tests.,8,7,189
KC.U8.19.two_way_degrees_freedom,Two-way chi-square degrees of freedom,Unit 8: Two-way chi-square tests,3.E,22,MKC.U8.02.chi_square_two_way_structure,"Two-way chi-square structure, hypotheses, and conditions",Unit 8,Merged because these KCs define the structure and assumptions of two-way chi-square tests.,6,2,144
KC.U8.20.two_way_test_statistic,Two-way chi-square test statistic,Unit 8: Two-way chi-square tests,3.E,22,MKC.U8.03.chi_square_two_way_calculation_conclusion,"Two-way chi-square statistic, p-value, and conclusion",Unit 8,Merged because these KCs are the calculation and interpretation steps for two-way chi-square inference.,7,3,167
KC.U8.21.two_way_p_value_interpretation,Two-way chi-square p-value interpretation,Unit 8: Two-way chi-square tests,4.F,22,MKC.U8.03.chi_square_two_way_calculation_conclusion,"Two-way chi-square statistic, p-value, and conclusion",Unit 8,Merged because these KCs are the calculation and interpretation steps for two-way chi-square inference.,13,3,306
KC.U8.22.two_way_decision_conclusion,Two-way chi-square decision and conclusion,Unit 8: Two-way chi-square tests,4.F;4.G,22,MKC.U8.03.chi_square_two_way_calculation_conclusion,"Two-way chi-square statistic, p-value, and conclusion",Unit 8,Merged because these KCs are the calculation and interpretation steps for two-way chi-square inference.,6,5,142
KC.U8.23.generalization_scope_chi_square,Generalization scope for chi-square inference,Unit 8: Inference interpretation,4.D;4.F,22,MKC.U8.03.chi_square_two_way_calculation_conclusion,"Two-way chi-square statistic, p-value, and conclusion",Unit 8,Merged because these KCs are the calculation and interpretation steps for two-way chi-square inference.,2,2,47
KC.U9.01.regression_inference_procedure_selection,Linear regression inference procedure selection,Unit 9: Inference for Slopes,2.C|4.E,23,MKC.U9.01.slope_inference_foundations_ci,Regression slope inference foundations and confidence intervals,Unit 9,Merged because these KCs form the confidence-interval side of regression inference and basic equation/context work.,4,2,94
KC.U9.02.population_regression_slope_parameter,Population regression slope parameter,Unit 9: Inference for Slopes,2.E|4.D|4.F,23,MKC.U9.01.slope_inference_foundations_ci,Regression slope inference foundations and confidence intervals,Unit 9,Merged because these KCs form the confidence-interval side of regression inference and basic equation/context work.,8,2,188
KC.U9.03.regression_output_slope_se_df,"Regression output: slope, SE, and df",Unit 9: Inference for Slopes,2.A|3.E,23,MKC.U9.01.slope_inference_foundations_ci,Regression slope inference foundations and confidence intervals,Unit 9,Merged because these KCs form the confidence-interval side of regression inference and basic equation/context work.,5,0,118
KC.U9.04.slope_ci_critical_value_margin_error,Slope CI critical value and margin of error,Unit 9: Inference for Slopes,3.E,23,MKC.U9.01.slope_inference_foundations_ci,Regression slope inference foundations and confidence intervals,Unit 9,Merged because these KCs form the confidence-interval side of regression inference and basic equation/context work.,3,2,72
KC.U9.05.slope_ci_compute,Slope confidence interval calculation,Unit 9: Inference for Slopes,3.E,23,MKC.U9.01.slope_inference_foundations_ci,Regression slope inference foundations and confidence intervals,Unit 9,Merged because these KCs form the confidence-interval side of regression inference and basic equation/context work.,2,1,48
KC.U9.06.slope_ci_interpret_context,Slope confidence interval interpretation,Unit 9: Inference for Slopes,4.F,24,MKC.U9.01.slope_inference_foundations_ci,Regression slope inference foundations and confidence intervals,Unit 9,Merged because these KCs form the confidence-interval side of regression inference and basic equation/context work.,5,2,116
KC.U9.07.slope_ci_claim_evaluation,Use slope confidence interval to evaluate claims,Unit 9: Inference for Slopes,4.B|4.G,24,MKC.U9.01.slope_inference_foundations_ci,Regression slope inference foundations and confidence intervals,Unit 9,Merged because these KCs form the confidence-interval side of regression inference and basic equation/context work.,3,3,70
KC.U9.08.regression_linearity_condition,Regression inference condition: linearity,Unit 9: Inference for Slopes,4.E,23,MKC.U9.02.regression_conditions_diagnostics_scope,"Regression inference conditions, diagnostics, and scope",Unit 9,Merged because these KCs validate whether regression inference and predictions are appropriate.,14,9,335
KC.U9.09.regression_independence_random_condition,Regression inference condition: random and independent observations,Unit 9: Inference for Slopes,4.E,23,MKC.U9.02.regression_conditions_diagnostics_scope,"Regression inference conditions, diagnostics, and scope",Unit 9,Merged because these KCs validate whether regression inference and predictions are appropriate.,0,0,0
KC.U9.10.regression_equal_variance_condition,Regression inference condition: equal variance,Unit 9: Inference for Slopes,4.E,24,MKC.U9.02.regression_conditions_diagnostics_scope,"Regression inference conditions, diagnostics, and scope",Unit 9,Merged because these KCs validate whether regression inference and predictions are appropriate.,3,1,71
KC.U9.11.regression_residual_normality_condition,Regression inference condition: residual normality,Unit 9: Inference for Slopes,4.E,24,MKC.U9.02.regression_conditions_diagnostics_scope,"Regression inference conditions, diagnostics, and scope",Unit 9,Merged because these KCs validate whether regression inference and predictions are appropriate.,2,1,47
KC.U9.12.slope_interval_width_sample_size,Slope interval width and sample size,Unit 9: Inference for Slopes,3.E|4.C,23,MKC.U9.01.slope_inference_foundations_ci,Regression slope inference foundations and confidence intervals,Unit 9,Merged because these KCs form the confidence-interval side of regression inference and basic equation/context work.,2,2,48
KC.U9.13.slope_test_procedure_selection,Slope t-test procedure selection,Unit 9: Inference for Slopes,2.C|4.E,24,MKC.U9.03.slope_hypothesis_tests,Regression slope hypothesis tests,Unit 9,Merged because these KCs form the hypothesis-test side of regression inference.,2,2,46
KC.U9.14.slope_test_hypotheses,Slope t-test hypotheses,Unit 9: Inference for Slopes,2.E,24,MKC.U9.03.slope_hypothesis_tests,Regression slope hypothesis tests,Unit 9,Merged because these KCs form the hypothesis-test side of regression inference.,7,4,166
KC.U9.15.slope_test_statistic_df,Slope t-test statistic and degrees of freedom,Unit 9: Inference for Slopes,3.E,24,MKC.U9.03.slope_hypothesis_tests,Regression slope hypothesis tests,Unit 9,Merged because these KCs form the hypothesis-test side of regression inference.,3,2,70
KC.U9.16.slope_test_pvalue_interpret,Slope test p-value interpretation,Unit 9: Inference for Slopes,4.F,25,MKC.U9.03.slope_hypothesis_tests,Regression slope hypothesis tests,Unit 9,Merged because these KCs form the hypothesis-test side of regression inference.,7,3,168
KC.U9.17.slope_test_decision_conclusion,Slope test decision and conclusion,Unit 9: Inference for Slopes,4.F|4.G,25,MKC.U9.03.slope_hypothesis_tests,Regression slope hypothesis tests,Unit 9,Merged because these KCs form the hypothesis-test side of regression inference.,6,4,144
KC.U9.18.scatterplot_for_regression_inference,Scatterplot construction and linear-model judgment,Unit 9: Inference for Slopes,3.A|4.A|4.E,25,MKC.U9.02.regression_conditions_diagnostics_scope,"Regression inference conditions, diagnostics, and scope",Unit 9,Merged because these KCs validate whether regression inference and predictions are appropriate.,3,3,72
KC.U9.19.lsrl_equation_from_data,Least-squares regression line from data,Unit 9: Inference for Slopes,3.B|3.E,25,MKC.U9.01.slope_inference_foundations_ci,Regression slope inference foundations and confidence intervals,Unit 9,Merged because these KCs form the confidence-interval side of regression inference and basic equation/context work.,3,3,72
KC.U9.20.regression_inference_scope_and_prediction_language,Regression inference scope and prediction language,Unit 9: Inference for Slopes,4.D|4.F,25,MKC.U9.02.regression_conditions_diagnostics_scope,"Regression inference conditions, diagnostics, and scope",Unit 9,Merged because these KCs validate whether regression inference and predictions are appropriate.,5,2,120
KC.U10.01.bootstrap_purpose_sampling_distribution,Bootstrap purpose: approximate a sampling distribution,Unit 10: Bootstrapping and Power,2.C|3.E|4.F,26,MKC.U10.01.bootstrap_process_distribution,Bootstrap process and bootstrap distributions,Unit 10,Merged because these KCs define how a bootstrap distribution is generated and interpreted structurally.,5,2,117
KC.U10.02.bootstrap_resampling_with_replacement,Bootstrap resampling with replacement,Unit 10: Bootstrapping and Power,2.B|3.E,26,MKC.U10.01.bootstrap_process_distribution,Bootstrap process and bootstrap distributions,Unit 10,Merged because these KCs define how a bootstrap distribution is generated and interpreted structurally.,4,4,93
KC.U10.03.bootstrap_same_sample_size,Bootstrap sample size matches original sample size,Unit 10: Bootstrapping and Power,2.B|3.E,26,MKC.U10.01.bootstrap_process_distribution,Bootstrap process and bootstrap distributions,Unit 10,Merged because these KCs define how a bootstrap distribution is generated and interpreted structurally.,4,1,93
KC.U10.04.bootstrap_distribution_of_statistic,Bootstrap distribution of a statistic,Unit 10: Bootstrapping and Power,3.A|3.E|4.F,26,MKC.U10.01.bootstrap_process_distribution,Bootstrap process and bootstrap distributions,Unit 10,Merged because these KCs define how a bootstrap distribution is generated and interpreted structurally.,4,2,93
KC.U10.05.bootstrap_percentile_cutoffs,Bootstrap percentile cutoffs,Unit 10: Bootstrapping and Power,3.B|3.E,26,MKC.U10.02.bootstrap_intervals,Bootstrap percentile intervals,Unit 10,Merged because these KCs are the interval-construction side of bootstrapping.,4,3,93
KC.U10.06.bootstrap_percentile_interval_construct,Construct a bootstrap percentile interval,Unit 10: Bootstrapping and Power,3.E|4.F,26,MKC.U10.02.bootstrap_intervals,Bootstrap percentile intervals,Unit 10,Merged because these KCs are the interval-construction side of bootstrapping.,5,1,117
KC.U10.07.bootstrap_interval_interpret_context,Interpret a bootstrap interval in context,Unit 10: Bootstrapping and Power,4.D|4.F,26,MKC.U10.02.bootstrap_intervals,Bootstrap percentile intervals,Unit 10,Merged because these KCs are the interval-construction side of bootstrapping.,3,3,70
KC.U10.08.bootstrap_limitations_bias_representativeness,Bootstrap limitations and representativeness,Unit 10: Bootstrapping and Power,2.B|4.E,26,MKC.U10.01.bootstrap_process_distribution,Bootstrap process and bootstrap distributions,Unit 10,Merged because these KCs define how a bootstrap distribution is generated and interpreted structurally.,3,2,70
KC.U10.09.bootstrap_vs_randomization_test,Bootstrap versus null-based randomization test,Unit 10: Bootstrapping and Power,2.C|4.E|4.F,26,MKC.U10.01.bootstrap_process_distribution,Bootstrap process and bootstrap distributions,Unit 10,Merged because these KCs define how a bootstrap distribution is generated and interpreted structurally.,3,3,70
KC.U10.10.cohens_d_compute_effect_size,Compute Cohen's d / standardized effect size,Unit 10: Bootstrapping and Power,3.B|4.D,26,MKC.U10.03.effect_size_practical_importance,Effect size and practical importance,Unit 10,Merged because these KCs focus on practical magnitude rather than statistical significance.,3,2,69
KC.U10.11.cohens_d_interpret_practical_importance,Interpret effect size and practical importance,Unit 10: Bootstrapping and Power,4.D|4.G,26,MKC.U10.03.effect_size_practical_importance,Effect size and practical importance,Unit 10,Merged because these KCs focus on practical magnitude rather than statistical significance.,3,3,69
KC.U10.12.power_definition,Statistical power definition,Unit 10: Bootstrapping and Power,2.C|4.F,27,MKC.U10.04.power_typeii_tradeoffs,"Power, Type II error, and alpha-beta tradeoffs",Unit 10,Merged because these KCs all concern test operating characteristics under alternatives.,6,3,144
KC.U10.13.type_ii_error_context_extension,Type II error in context,Unit 10: Bootstrapping and Power,4.F|4.G,27,MKC.U10.04.power_typeii_tradeoffs,"Power, Type II error, and alpha-beta tradeoffs",Unit 10,Merged because these KCs all concern test operating characteristics under alternatives.,3,2,72
KC.U10.14.power_beta_relationship_extension,Power and beta relationship,Unit 10: Bootstrapping and Power,3.C|4.F,27,MKC.U10.04.power_typeii_tradeoffs,"Power, Type II error, and alpha-beta tradeoffs",Unit 10,Merged because these KCs all concern test operating characteristics under alternatives.,2,2,48
KC.U10.15.rejection_region_power_calculation,Power calculation using rejection region,Unit 10: Bootstrapping and Power,3.C|3.E|4.F,27,MKC.U10.04.power_typeii_tradeoffs,"Power, Type II error, and alpha-beta tradeoffs",Unit 10,Merged because these KCs all concern test operating characteristics under alternatives.,3,3,72
KC.U10.16.factors_affecting_power,Factors affecting power,Unit 10: Bootstrapping and Power,2.D|4.F|4.G,27,MKC.U10.04.power_typeii_tradeoffs,"Power, Type II error, and alpha-beta tradeoffs",Unit 10,Merged because these KCs all concern test operating characteristics under alternatives.,7,5,168
KC.U10.17.power_specific_alternative,Power for a specific alternative value,Unit 10: Bootstrapping and Power,2.C|4.F,27,MKC.U10.04.power_typeii_tradeoffs,"Power, Type II error, and alpha-beta tradeoffs",Unit 10,Merged because these KCs all concern test operating characteristics under alternatives.,4,2,96
KC.U10.18.alpha_beta_power_tradeoff_context,Alpha-beta-power tradeoff in context,Unit 10: Bootstrapping and Power,2.D|4.F|4.G,27,MKC.U10.04.power_typeii_tradeoffs,"Power, Type II error, and alpha-beta tradeoffs",Unit 10,Merged because these KCs all concern test operating characteristics under alternatives.,7,4,168